{"ACC_2002": {"enc_w": [[0.5022169947624207, -0.30935144424438477, -0.7323487997055054], [-0.4089230000972748, 0.6235034465789795, -0.843563437461853]], "enc_b": [0.4149000942707062, 0.38990411162376404], "dec_w": [[0.774945080280304, -0.5501035451889038], [-0.6019428372383118, 0.7575361132621765], [-0.716639518737793, -0.6314619183540344]], "dec_b": [-0.0017843220848590136, -0.13740313053131104, 0.7529399394989014], "scaler_mean": [4039.184676923077, 28.61448102297144, 77.20965318480009], "scaler_scale": [3187.5053643228666, 0.05858061972460205, 0.057322663169843864]}, "ACC_1001": {"enc_w": [[0.1584545522928238, -0.813412070274353, -0.014542879536747932], [-0.26177915930747986, -0.1757565587759018, -0.9249762296676636]], "enc_b": [0.7070345878601074, 0.5453205704689026], "dec_w": [[0.30768710374832153, -0.3414083421230316], [-1.2019201517105103, 0.0596940815448761], [0.11546067893505096, -1.2224949598312378]], "dec_b": [0.025604750961065292, 0.8531729578971863, 0.7855523824691772], "scaler_mean": [135.2248, 19.075547398457868, 72.87826756153305], "scaler_scale": [67.15541968419228, 0.0055744694952346305, 0.005988145456412361]}}