{"ACC_2002": {"enc_w": [[0.737521767616272, -0.06848564743995667, 0.5384489893913269], [0.2778952419757843, -1.192196249961853, -0.45373058319091797]], "enc_b": [0.951130747795105, 0.5474389791488647], "dec_w": [[0.8932697176933289, 0.17351578176021576], [-0.05441826954483986, -0.9523841142654419], [0.6917793154716492, -0.37841883301734924]], "dec_b": [-1.0216703414916992, 0.8752768039703369, -0.3347069323062897], "scaler_mean": [4039.184676923077, 28.61448102297144, 77.20965318480009], "scaler_scale": [3187.5053643228666, 0.05858061972460205, 0.057322663169843864]}, "ACC_1001": {"enc_w": [[-0.8054277896881104, 0.515676736831665, 0.16802546381950378], [0.26699739694595337, -0.0151736531406641, -0.047159284353256226]], "enc_b": [0.2960207164287567, -0.6714177131652832], "dec_w": [[-1.0955958366394043, -0.4335779547691345], [0.7034690380096436, -0.008558747358620167], [0.3150576055049896, 0.4409717917442322]], "dec_b": [0.6138843297958374, -0.4017188251018524, -0.14161275327205658], "scaler_mean": [135.2248, 19.075547398457868, 72.87826756153305], "scaler_scale": [67.15541968419228, 0.0055744694952346305, 0.005988145456412361]}}