{"ACC_2002": {"enc_w": [[-0.36235734820365906, 0.8124328851699829, 0.639602780342102], [0.5668296217918396, -0.12822069227695465, 0.41602057218551636]], "enc_b": [0.36234161257743835, 0.6562276482582092], "dec_w": [[-0.3273667097091675, 1.158307671546936], [0.7474020719528198, -0.3667910695075989], [0.6101858615875244, 0.7368376851081848]], "dec_b": [-0.5882184505462646, -0.1484401524066925, -0.8173431754112244], "scaler_mean": [4039.184676923077, 28.61448102297144, 77.20965318480009], "scaler_scale": [3187.5053643228666, 0.05858061972460205, 0.057322663169843864]}, "ACC_1001": {"enc_w": [[0.23967218399047852, -0.916161060333252, -0.90180504322052], [0.9727415442466736, -0.3546982407569885, 0.21444107592105865]], "enc_b": [0.03420868515968323, 0.5899550914764404], "dec_w": [[-0.05012276768684387, 1.0205326080322266], [-0.5468966960906982, -0.13209198415279388], [-0.9178377985954285, 0.5327844023704529]], "dec_b": [-0.7638520002365112, 0.19832907617092133, 0.06923322379589081], "scaler_mean": [135.2248, 19.075547398457868, 72.87826756153305], "scaler_scale": [67.15541968419228, 0.0055744694952346305, 0.005988145456412361]}}